"Old Profession","Old Offering","Old Sub Offering","Old Specialty","New Profession","New Offering","New Sub Offering","New Specialty"
CRNA,Advanced Practice,,Academic/Faculty/Research,,,,
CRNA,Advanced Practice,,General,,,,
CRNA,Advanced Practice,,Cardiac,,,,
CRNA,Advanced Practice,,Dental,,,,
CRNA,Advanced Practice,,Neurosurgical,,,,
CRNA,Advanced Practice,,Obstetric,,,,
CRNA,Advanced Practice,,Pain Management,,,,
CRNA,Advanced Practice,,Pediatrics,,,,
CRNA,Advanced Practice,,Plastic,,,,
CRNA,Advanced Practice,,ENT,,,,
CRNA,Advanced Practice,,Other,,,,
Midwife,Advanced Practice,,Academic/Faculty/Research,,,,
Midwife,Advanced Practice,,Obstetrics,,,,
Midwife,Advanced Practice,,Other,,,,
Midwife,Advanced Practice,,Telehealth,,,,
Nurse Practitioner,Advanced Practice,,Academic/Faculty/Research,,,,
Nurse Practitioner,Advanced Practice,,Addiction Medicine,,,,
Nurse Practitioner,Advanced Practice,,Allergy/Immunology,,,,
Nurse Practitioner,Advanced Practice,,Bariatric Medicine,,,,
Nurse Practitioner,Advanced Practice,,Cardiology,,,,
Nurse Practitioner,Advanced Practice,,Correctional Medicine,,,,
Nurse Practitioner,Advanced Practice,,Critical Care/ICU,,,,
Nurse Practitioner,Advanced Practice,,Dermatology,,,,
Nurse Practitioner,Advanced Practice,,Dialysis,,,,
Nurse Practitioner,Advanced Practice,,Emergency Medicine,,,,
Nurse Practitioner,Advanced Practice,,Endocrinology,,,,
Nurse Practitioner,Advanced Practice,,Epidemiology,,,,
Nurse Practitioner,Advanced Practice,,Family Practice/Primary Care,,,,
Nurse Practitioner,Advanced Practice,,Flight,,,,
Nurse Practitioner,Advanced Practice,,Gastroenterology,,,,
Nurse Practitioner,Advanced Practice,,Genetics,,,,
Nurse Practitioner,Advanced Practice,,Geriatrics,,,,
Nurse Practitioner,Advanced Practice,,Hematology,,,,
Nurse Practitioner,Advanced Practice,,Hematology/Oncology,,,,
Nurse Practitioner,Advanced Practice,,Hepatology,,,,
Nurse Practitioner,Advanced Practice,,Home Health,,,,
Nurse Practitioner,Advanced Practice,,Hospice/Palliative Medicine,,,,
Nurse Practitioner,Advanced Practice,,Hospitalist,,,,
Nurse Practitioner,Advanced Practice,,Hyperbaric,,,,
Nurse Practitioner,Advanced Practice,,Infectious Disease,,,,
Nurse Practitioner,Advanced Practice,,Informatics,,,,
Nurse Practitioner,Advanced Practice,,Internal Medicine,,,,
Nurse Practitioner,Advanced Practice,,Labor and Delivery,,,,
Nurse Practitioner,Advanced Practice,,Medpeds,,,,
Nurse Practitioner,Advanced Practice,,Neonatology,,,,
Nurse Practitioner,Advanced Practice,,Nephrology,,,,
Nurse Practitioner,Advanced Practice,,Neurodevelopmental Disabilities,,,,
Nurse Practitioner,Advanced Practice,,Neurology,,,,
Nurse Practitioner,Advanced Practice,,Neuropsychiatrist,,,,
Nurse Practitioner,Advanced Practice,,NICU,,,,
Nurse Practitioner,Advanced Practice,,Obstetrics,,,,
Nurse Practitioner,Advanced Practice,,Occupational Medicine,,,,
Nurse Practitioner,Advanced Practice,,Oncology,,,,
Nurse Practitioner,Advanced Practice,,Ophthalmology,,,,
Nurse Practitioner,Advanced Practice,,Orthopedics,,,,
Nurse Practitioner,Advanced Practice,,Other,,,,
Nurse Practitioner,Advanced Practice,,Otolaryngology,,,,
Nurse Practitioner,Advanced Practice,,Pain Management,,,,
Nurse Practitioner,Advanced Practice,,Pediatrics,,,,
Nurse Practitioner,Advanced Practice,,Physiatry/Physical Medicine & Rehabilitation,,,,
Nurse Practitioner,Advanced Practice,,PICU,,,,
Nurse Practitioner,Advanced Practice,,Podiatric Medicine,,,,
Nurse Practitioner,Advanced Practice,,Preventive Medicine,,,,
Nurse Practitioner,Advanced Practice,,Psychiatric-Mental Health,,,,
Nurse Practitioner,Advanced Practice,,Public/Community Health,,,,
Nurse Practitioner,Advanced Practice,,Pulmonology,,,,
Nurse Practitioner,Advanced Practice,,Radiology,,,,
Nurse Practitioner,Advanced Practice,,Radiology-Breast,,,,
Nurse Practitioner,Advanced Practice,,Recovery Room/PACU,,,,
Nurse Practitioner,Advanced Practice,,Rheumatology,,,,
Nurse Practitioner,Advanced Practice,,Sleep Medicine,,,,
Nurse Practitioner,Advanced Practice,,Surgery-General,,,,
Nurse Practitioner,Advanced Practice,,Surgery-Neurosurgery,,,,
Nurse Practitioner,Advanced Practice,,Surgery-Vascular,,,,
Nurse Practitioner,Advanced Practice,,Telehealth,,,,
Nurse Practitioner,Advanced Practice,,Urgent Care,,,,
Nurse Practitioner,Advanced Practice,,Urology,,,,
Nurse Practitioner,Advanced Practice,,Womens Health,,,,
Nurse Practitioner,Advanced Practice,,"Wound, Burn and Ostomy",,,,
Nurse Practitioner,Advanced Practice,,Pathology,,,,
Nurse Practitioner,Advanced Practice,,Trauma,,,,
Nurse Practitioner,Advanced Practice,,Hospitalist - OB,,,,
Nurse Practitioner,Advanced Practice,,Hospitalist - EM,,,,
Nurse Practitioner,Advanced Practice,,Hospitalist - Family Medicine,,,,
Nurse Practitioner,Advanced Practice,,Plastic Surgery,,,,
Nurse Practitioner,Advanced Practice,,CardioThoracic Surgery,,,,
Nurse Practitioner,Advanced Practice,,CVPICU,,,,
Nurse Practitioner,Advanced Practice,,Trauma ICU,,,,
Nurse Practitioner,Advanced Practice,,Cardiac PICU,,,,
Nurse Practitioner,Advanced Practice,,Surgery - Trauma,,,,
Physician Assistant,Advanced Practice,,Academic/Faculty/Research,,,,
Physician Assistant,Advanced Practice,,Addiction Medicine,,,,
Physician Assistant,Advanced Practice,,Aerospace Medicine,,,,
Physician Assistant,Advanced Practice,,Allergy/Immunology,,,,
Physician Assistant,Advanced Practice,,Anesthesiology,,,,
Physician Assistant,Advanced Practice,,Anesthesiology-Cardiac,,,,
Physician Assistant,Advanced Practice,,Anesthesiology-Pain Management,,,,
Physician Assistant,Advanced Practice,,Anesthesiology-Pediatrics,,,,
Physician Assistant,Advanced Practice,,Bariatric Medicine,,,,
Physician Assistant,Advanced Practice,,Cardiology,,,,
Physician Assistant,Advanced Practice,,Cardiology-Interventional,,,,
Physician Assistant,Advanced Practice,,Correctional Medicine,,,,
Physician Assistant,Advanced Practice,,Critical Care/ICU/PICU/NICU,,,,
Physician Assistant,Advanced Practice,,Critical Care/Trauma,,,,
Physician Assistant,Advanced Practice,,Dermatology,,,,
Physician Assistant,Advanced Practice,,Emergency and Trauma,,,,
Physician Assistant,Advanced Practice,,Emergency Medicine,,,,
Physician Assistant,Advanced Practice,,Endocrinology,,,,
Physician Assistant,Advanced Practice,,Epidemiology,,,,
Physician Assistant,Advanced Practice,,Family Practice/Primary Care,,,,
Physician Assistant,Advanced Practice,,Gastroenterology,,,,
Physician Assistant,Advanced Practice,,Genetics,,,,
Physician Assistant,Advanced Practice,,Geriatrics,,,,
Physician Assistant,Advanced Practice,,Gynecology,,,,
Physician Assistant,Advanced Practice,,Gynecology-Oncology,,,,
Physician Assistant,Advanced Practice,,Hematology,,,,
Physician Assistant,Advanced Practice,,Hematology/Oncology,,,,
Physician Assistant,Advanced Practice,,Hepatology,,,,
Physician Assistant,Advanced Practice,,Hospice/Palliative Medicine,,,,
Physician Assistant,Advanced Practice,,Hospitalist,,,,
Physician Assistant,Advanced Practice,,Hyperbaric,,,,
Physician Assistant,Advanced Practice,,Infectious Disease,,,,
Physician Assistant,Advanced Practice,,Informatics,,,,
Physician Assistant,Advanced Practice,,Internal Medicine,,,,
Physician Assistant,Advanced Practice,,Internal Medicine-Geriatrics,,,,
Physician Assistant,Advanced Practice,,Mammography,,,,
Physician Assistant,Advanced Practice,,Maternal-Fetal Medicine,,,,
Physician Assistant,Advanced Practice,,Medical Director,,,,
Physician Assistant,Advanced Practice,,Medical Toxicology,,,,
Physician Assistant,Advanced Practice,,Medpeds,,,,
Physician Assistant,Advanced Practice,,Neonatal-Perinatal Medicine,,,,
Physician Assistant,Advanced Practice,,Neonatology,,,,
Physician Assistant,Advanced Practice,,Nephrology,,,,
Physician Assistant,Advanced Practice,,Neurodevelopmental Disabilities,,,,
Physician Assistant,Advanced Practice,,Neurology,,,,
Physician Assistant,Advanced Practice,,Neurology-Pediatric,,,,
Physician Assistant,Advanced Practice,,Neurology-Stroke,,,,
Physician Assistant,Advanced Practice,,Neurophysiology,,,,
Physician Assistant,Advanced Practice,,Neuropsychiatrist,,,,
Physician Assistant,Advanced Practice,,Nocturnist,,,,
Physician Assistant,Advanced Practice,,Nuclear Medicine,,,,
Physician Assistant,Advanced Practice,,Obstetrics,,,,
Physician Assistant,Advanced Practice,,Obstetrics & Gynecology,,,,
Physician Assistant,Advanced Practice,,Occupational Medicine,,,,
Physician Assistant,Advanced Practice,,Oncology,,,,
Physician Assistant,Advanced Practice,,Ophthalmology,,,,
Physician Assistant,Advanced Practice,,Oral and Maxillofacial Surgery,,,,
Physician Assistant,Advanced Practice,,Orthopedics,,,,
Physician Assistant,Advanced Practice,,Orthopedics-Spine,,,,
Physician Assistant,Advanced Practice,,Other,,,,
Physician Assistant,Advanced Practice,,Otolaryngology,,,,
Physician Assistant,Advanced Practice,,Pain Management,,,,
Physician Assistant,Advanced Practice,,Pathology,,,,
Physician Assistant,Advanced Practice,,Pathology-Molecular Genetic,,,,
Physician Assistant,Advanced Practice,,Pediatric-Adolescent Medicine,,,,
Physician Assistant,Advanced Practice,,Pediatric-Developmental/Behavioral,,,,
Physician Assistant,Advanced Practice,,Pediatric-Emergency Medicine,,,,
Physician Assistant,Advanced Practice,,Pediatric-Intensivist,,,,
Physician Assistant,Advanced Practice,,Pediatrics,,,,
Physician Assistant,Advanced Practice,,Pediatric-Urgent Care,,,,
Physician Assistant,Advanced Practice,,Pediatric-Urology,,,,
Physician Assistant,Advanced Practice,,Physiatry/Physical Medicine & Rehabilitation,,,,
Physician Assistant,Advanced Practice,,Podiatric Medicine,,,,
Physician Assistant,Advanced Practice,,Preventive Medicine,,,,
Physician Assistant,Advanced Practice,,Proctology,,,,
Physician Assistant,Advanced Practice,,Psychiatric-Mental Health,,,,
Physician Assistant,Advanced Practice,,Public/Community Health,,,,
Physician Assistant,Advanced Practice,,Pulmonology,,,,
Physician Assistant,Advanced Practice,,Pulmonology-Critical Care,,,,
Physician Assistant,Advanced Practice,,Radiology,,,,
Physician Assistant,Advanced Practice,,Radiology-Breast,,,,
Physician Assistant,Advanced Practice,,Radiology-Cardiothoracic,,,,
Physician Assistant,Advanced Practice,,Rheumatology,,,,
Physician Assistant,Advanced Practice,,Sleep Medicine,,,,
Physician Assistant,Advanced Practice,,Sports Rehabilitation,,,,
Physician Assistant,Advanced Practice,,Surgery-Cardiovascular,,,,
Physician Assistant,Advanced Practice,,Surgery-Colo/Rectal,,,,
Physician Assistant,Advanced Practice,,Surgery-General,,,,
Physician Assistant,Advanced Practice,,Surgery-Neurosurgery,,,,
Physician Assistant,Advanced Practice,,Surgery-Oncology,,,,
Physician Assistant,Advanced Practice,,Surgery-Plastic,,,,
Physician Assistant,Advanced Practice,,Surgery-Podiatric Medicine,,,,
Physician Assistant,Advanced Practice,,Surgery-Thoracic,,,,
Physician Assistant,Advanced Practice,,Surgery-Vascular,,,,
Physician Assistant,Advanced Practice,,Telemedicine,,,,
Physician Assistant,Advanced Practice,,Urgent Care,,,,
Physician Assistant,Advanced Practice,,Urology,,,,
Physician Assistant,Advanced Practice,,Venous Disease Specialist,,,,
Physician Assistant,Advanced Practice,,"Wound, Burn and Ostomy",,,,
Physician Assistant,Advanced Practice,,Trauma,,,,
Physician Assistant,Advanced Practice,,Hospitalist - OB,,,,
Physician Assistant,Advanced Practice,,Hospitalist - EM,,,,
Physician Assistant,Advanced Practice,,Hospitalist - Family Medicine,,,,
Physician Assistant,Advanced Practice,,Surgery Trauma,,,,
Physician Assistant,Advanced Practice,,CardioThoracic Surgery,,,,
Physician Assistant,Advanced Practice,,Trauma ICU,,,,
Physician Assistant,Advanced Practice,,Bone Marrow Transplant,,,,
Physician Assistant,Advanced Practice,,Cardiac PICU,,,,
Physician Assistant,Advanced Practice,,Surgery - Trauma,,,,
Laboratory,Allied,Laboratory,Clinical Lab Scientist,,,,
Laboratory,Allied,Others,Clinical Lab Scientist,,,,
Laboratory,Allied,Laboratory,Contractor,,,,
Laboratory,Allied,Others,Contractor,,,,
Laboratory,Allied,Laboratory,Cyto Tech,,,,
Laboratory,Allied,Others,Cyto Tech,,,,
Laboratory,Allied,Laboratory,Director,,,,
Laboratory,Allied,Others,Director,,,,
Laboratory,Allied,Laboratory,Embryologist,,,,
Laboratory,Allied,Others,Embryologist,,,,
Laboratory,Allied,Laboratory,Histology Tech,,,,
Laboratory,Allied,Others,Histology Tech,,,,
Laboratory,Allied,Laboratory,Laboratory Assistant,,,,
Laboratory,Allied,Others,Laboratory Assistant,,,,
Laboratory,Allied,Laboratory,Manager,,,,
Laboratory,Allied,Others,Manager,,,,
Laboratory,Allied,Laboratory,Medical Lab Scientist,,,,
Laboratory,Allied,Others,Medical Lab Scientist,,,,
Laboratory,Allied,Laboratory,Medical Lab Technician,,,,
Laboratory,Allied,Others,Medical Lab Technician,,,,
Laboratory,Allied,Laboratory,Medical Technologist,,,,
Laboratory,Allied,Others,Medical Technologist,,,,
Laboratory,Allied,Laboratory,Metabolomic Technician,,,,
Laboratory,Allied,Others,Metabolomic Technician,,,,
Laboratory,Allied,Laboratory,Microbiology Tech,,,,
Laboratory,Allied,Others,Microbiology Tech,,,,
Laboratory,Allied,Laboratory,Pathology Assistant,,,,
Laboratory,Allied,Others,Pathology Assistant,,,,
Laboratory,Allied,Laboratory,Phlebotomist,,,,
Laboratory,Allied,Others,Phlebotomist,,,,
Laboratory,Allied,Laboratory,Supervisor,,,,
Laboratory,Allied,Others,Supervisor,,,,
Laboratory,Allied,Laboratory,Medical Lab Technician - Director,,,,
Laboratory,Allied,Others,Medical Lab Technician - Director,,,,
Behavioral Health,Allied,Others,Behavioral Health Assistant,,,,
Behavioral Health,Allied,Others,Behavioral Health Tech,,,,
Cardiology,Allied,Others,Cath Lab Manager,,,,
Cardiology,Allied,Others,Cath Lab Tech,,,,
Cardiology,Allied,Others,EKG Tech,,,,
Cardiology,Allied,Others,Electrophysiology Tech,,,,
Cardiology,Allied,Others,Holter Monitor/Stress Test Technician,,,,
Chiropractor,Allied,Others,Chiropractor,,,,
Chiropractor,Allied,Others,Chiropractor Assistant,,,,
Clinical Support Tech,Allied,Others,Clinical Support Tech,,,,
Dialysis Tech,Allied,Others,Dialysis Tech,,,,
Dietary Services,Allied,Others,Clinical Nutrition Manager,,,,
Dietary Services,Allied,Others,Dietary Aide,,,,
Dietary Services,Allied,Others,Dietetic Technician,,,,
Dietary Services,Allied,Others,Dietitian,,,,
EMT,Allied,Others,EMS Educator,,,,
EMT,Allied,Others,EMT,,,,
ER Tech,Allied,Others,ER Tech,,,,
Medical Assistant,Allied,Others,Allergy and Immunology,,,,
Medical Assistant,Allied,Others,Dermatology,,,,
Medical Assistant,Allied,Others,Family Practice,,,,
Medical Assistant,Allied,Others,Float Pool,,,,
Medical Assistant,Allied,Others,Internal Medicine,,,,
Medical Assistant,Allied,Others,OB/GYN,,,,
Medical Assistant,Allied,Others,Oncology,,,,
Medical Assistant,Allied,Others,Otorhinolaryngology (ENT),,,,
Medical Assistant,Allied,Others,Pain Management,,,,
Medical Assistant,Allied,Others,Pediatrics,,,,
Medical Assistant,Allied,Others,SNF,,,,
Medical Assistant,Allied,Others,Urgent Care,,,,
Medical Assistant,Allied,Others,Vaccination Support,,,,
Medical Assistant,Allied,Others,Certified Medical Assistant,,,,
Medical Assistant,Allied,Others,Outpatient,,,,
Neuro Diagnostics,Allied,Others,Certified Hyperbaric Specialist,,,,
Neuro Diagnostics,Allied,Others,Certified Hyperbaric Technician,,,,
Neuro Diagnostics,Allied,Others,EEG Tech,,,,
Neuro Diagnostics,Allied,Others,EEG Tech Manager,,,,
Neuro Diagnostics,Allied,Others,Hyperbaric Technician,,,,
Neuro Diagnostics,Allied,Others,Intraoperative Neuromonitoring Tech,,,,
Neuro Diagnostics,Allied,Others,Manager,,,,
Neuro Diagnostics,Allied,Others,Polysomnographer/Sleep Tech,,,,
Neuro Diagnostics,Allied,Others,Telemetry Tech,,,,
Ophthalmology,Allied,Others,Ophthalmic Technician,,,,
Ophthalmology,Allied,Others,Optician,,,,
Ophthalmology,Allied,Others,Optometrist,,,,
Paramedic,Allied,Others,Paramedic,,,,
Patient Care Technician,Allied,Others,Patient Care Technician,,,,
Perfusionist,Allied,Others,Perfusionist,,,,
Pharmacy,Allied,Others,Apprentice,,,,
Pharmacy,Allied,Others,Contractor,,,,
Pharmacy,Allied,Others,Pharmacist - Inpatient,,,,
Pharmacy,Allied,Others,Pharmacist - Outpatient,,,,
Pharmacy,Allied,Others,Pharmacy Tech Inpatient,,,,
Pharmacy,Allied,Others,Pharmacy Tech Outpatient,,,,
Pharmacy,Allied,Others,Pharmacist - Inpatient Manager,,,,
Pharmacy,Allied,Others,Pharmacist - Director,,,,
Physicist,Allied,Others,Medical Physicist,,,,
Physicist,Allied,Others,Radiation Oncology,,,,
Respiratory Therapy,Allied,Others,Pulmonary Function Technologist,,,,
Respiratory Therapy,Allied,Others,Registered Respiratory Therapist,,,,
Respiratory Therapy,Allied,Others,Registered Respiratory Therapist - LTAC,,,,
Respiratory Therapy,Allied,Others,Registered Respiratory Therapist - NICU,,,,
Respiratory Therapy,Allied,Others,Registered Respiratory Therapist - Pediatrics,,,,
Respiratory Therapy,Allied,Others,Registered Respiratory Therapist - PICU,,,,
Sitter,Allied,Others,Sitter,,,,
Sitter,Allied,Others,SNF,,,,
Social Services,Allied,Others,Case Worker,,,,
Social Services,Allied,Others,Certified Social Worker (CSW),,,,
Social Services,Allied,Others,Licensed Clinical Social Worker (LCSW),,,,
Social Services,Allied,Others,Licensed Marriage and Family Therapist,,,,
Social Services,Allied,Others,Licensed Professional Clinical Counselor,,,,
Social Services,Allied,Others,Licensed Professional Counselor,,,,
Social Services,Allied,Others,Medical Social Worker,,,,
Social Services,Allied,Others,Mental Health,,,,
Social Services,Allied,Others,School Social Worker,,,,
Social Services,Allied,Others,Social Worker Assistant,,,,
Social Services,Allied,Others,Child Life Specialist,,,,
Sports Medicine,Allied,Others,Athletic Trainer,,,,
Sports Medicine,Allied,Others,Exercise Instructor,,,,
Sports Medicine,Allied,Others,Exercise Physiologist,,,,
Sports Medicine,Allied,Others,Kinesiotherapist,,,,
Sports Medicine,Allied,Others,Yoga Instructor,,,,
Surgical Services,Allied,Others,Anesthesia Technician,,,,
Surgical Services,Allied,Others,Certified Cardiac First Assist,,,,
Surgical Services,Allied,Others,Certified OR Tech / Surgical Tech (CST),,,,
Surgical Services,Allied,Others,Certified Ortho Tech,,,,
Surgical Services,Allied,Others,Certified Surgical First Assist,,,,
Surgical Services,Allied,Others,CVOR Certified Surgical First Assist,,,,
Surgical Services,Allied,Others,CVOR Tech,,,,
Surgical Services,Allied,Others,GI / Endo Tech,,,,
Surgical Services,Allied,Others,OB Tech,,,,
Surgical Services,Allied,Others,OR Tech / Surgical Tech,,,,
Surgical Services,Allied,Others,Pediatric CVOR Tech,,,,
Surgical Services,Allied,Others,Pediatric OR Tech / Surgical Tech,,,,
Surgical Services,Allied,Others,Pediatric Sterile Processing Tech (SPT),,,,
Surgical Services,Allied,Others,Perioperative Assistant,,,,
Surgical Services,Allied,Others,Sterile Processing Tech (SPT),,,,
Surgical Services,Allied,Others,Surgical Support Aide,,,,
Surgical Services,Allied,Others,L&D,,,,
Surgical Services,Allied,Others,Sterile Processing Tech Supervisor,,,,
Surgical Services,Allied,Others,Surgical Services Coordinator,,,,
Radiology/Imaging,Allied,Radiology,CT Tech,,,,
Radiology/Imaging,Allied,Others,CT Tech,,,,
Radiology/Imaging,Allied,Radiology,Diagnostic Imaging Assistant,,,,
Radiology/Imaging,Allied,Others,Diagnostic Imaging Assistant,,,,
Radiology/Imaging,Allied,Radiology,Dosimetrist,,,,
Radiology/Imaging,Allied,Others,Dosimetrist,,,,
Radiology/Imaging,Allied,Radiology,Echo Tech/Cardiac Sonographer,,,,
Radiology/Imaging,Allied,Others,Echo Tech/Cardiac Sonographer,,,,
Radiology/Imaging,Allied,Radiology,Echo Tech/Cardiac Sonographer Pediatrics,,,,
Radiology/Imaging,Allied,Others,Echo Tech/Cardiac Sonographer Pediatrics,,,,
Radiology/Imaging,Allied,Radiology,Interventional Radiology Tech,,,,
Radiology/Imaging,Allied,Others,Interventional Radiology Tech,,,,
Radiology/Imaging,Allied,Radiology,Mammography Tech,,,,
Radiology/Imaging,Allied,Others,Mammography Tech,,,,
Radiology/Imaging,Allied,Radiology,Monitor Tech,,,,
Radiology/Imaging,Allied,Others,Monitor Tech,,,,
Radiology/Imaging,Allied,Radiology,MRI Tech,,,,
Radiology/Imaging,Allied,Others,MRI Tech,,,,
Radiology/Imaging,Allied,Radiology,Nuclear Medicine Tech,,,,
Radiology/Imaging,Allied,Others,Nuclear Medicine Tech,,,,
Radiology/Imaging,Allied,Radiology,Radiation Therapist,,,,
Radiology/Imaging,Allied,Others,Radiation Therapist,,,,
Radiology/Imaging,Allied,Radiology,Radiology Manager,,,,
Radiology/Imaging,Allied,Others,Radiology Manager,,,,
Radiology/Imaging,Allied,Radiology,Registered Radiology Assistant,,,,
Radiology/Imaging,Allied,Others,Registered Radiology Assistant,,,,
Radiology/Imaging,Allied,Radiology,Sonographer,,,,
Radiology/Imaging,Allied,Others,Sonographer,,,,
Radiology/Imaging,Allied,Radiology,Special Procedures,,,,
Radiology/Imaging,Allied,Others,Special Procedures,,,,
Radiology/Imaging,Allied,Radiology,Ultrasound Tech - General,,,,
Radiology/Imaging,Allied,Others,Ultrasound Tech - General,,,,
Radiology/Imaging,Allied,Radiology,Ultrasound Tech - OB/GYN,,,,
Radiology/Imaging,Allied,Others,Ultrasound Tech - OB/GYN,,,,
Radiology/Imaging,Allied,Radiology,Ultrasound Tech - Vascular,,,,
Radiology/Imaging,Allied,Others,Ultrasound Tech - Vascular,,,,
Radiology/Imaging,Allied,Radiology,X-Ray Tech,,,,
Radiology/Imaging,Allied,Others,X-Ray Tech,,,,
Radiology/Imaging,Allied,Radiology,Multi Modality,,,,
Radiology/Imaging,Allied,Others,Multi Modality,,,,
Radiology/Imaging,Allied,Radiology,Bone Densitometry Scan Tech,,,,
Radiology/Imaging,Allied,Others,Bone Densitometry Scan Tech,,,,
Radiology/Imaging,Allied,Radiology,Medical Physicist,,,,
Radiology/Imaging,Allied,Others,Medical Physicist,,,,
Radiology/Imaging,Allied,Radiology,Cardiovascular Rad Tech,,,,
Radiology/Imaging,Allied,Others,Cardiovascular Rad Tech,,,,
Radiology/Imaging,Allied,Radiology,MRI Supervisor,,,,
Radiology/Imaging,Allied,Others,MRI Supervisor,,,,
Radiology/Imaging,Allied,Radiology,Ortho,,,,
Radiology/Imaging,Allied,Others,Ortho,,,,
Audiologist,Allied,Rehab,Audiologist,,,,
Audiologist,Allied,Others,Audiologist,,,,
Occupational Therapy,Allied,Rehab,Certified Occupational Therapist Assistant (COTA),,,,
Occupational Therapy,Allied,Others,Certified Occupational Therapist Assistant (COTA),,,,
Occupational Therapy,Allied,Rehab,COTA Acute Care,,,,
Occupational Therapy,Allied,Others,COTA Acute Care,,,,
Occupational Therapy,Allied,Rehab,COTA Behavioral Health,,,,
Occupational Therapy,Allied,Others,COTA Behavioral Health,,,,
Occupational Therapy,Allied,Rehab,COTA Home Health,,,,
Occupational Therapy,Allied,Others,COTA Home Health,,,,
Occupational Therapy,Allied,Rehab,COTA Inpatient Rehab,,,,
Occupational Therapy,Allied,Others,COTA Inpatient Rehab,,,,
Occupational Therapy,Allied,Rehab,COTA LTAC,,,,
Occupational Therapy,Allied,Others,COTA LTAC,,,,
Occupational Therapy,Allied,Rehab,COTA Outpatient,,,,
Occupational Therapy,Allied,Others,COTA Outpatient,,,,
Occupational Therapy,Allied,Rehab,COTA Pediatrics,,,,
Occupational Therapy,Allied,Others,COTA Pediatrics,,,,
Occupational Therapy,Allied,Rehab,COTA SNF,,,,
Occupational Therapy,Allied,Others,COTA SNF,,,,
Occupational Therapy,Allied,Rehab,Occupational Therapist (OT),,,,
Occupational Therapy,Allied,Others,Occupational Therapist (OT),,,,
Occupational Therapy,Allied,Rehab,OT Acute Care,,,,
Occupational Therapy,Allied,Others,OT Acute Care,,,,
Occupational Therapy,Allied,Rehab,OT Behavioral Health,,,,
Occupational Therapy,Allied,Others,OT Behavioral Health,,,,
Occupational Therapy,Allied,Rehab,OT Home Health,,,,
Occupational Therapy,Allied,Others,OT Home Health,,,,
Occupational Therapy,Allied,Rehab,OT Inpatient Rehab,,,,
Occupational Therapy,Allied,Others,OT Inpatient Rehab,,,,
Occupational Therapy,Allied,Rehab,OT LTAC,,,,
Occupational Therapy,Allied,Others,OT LTAC,,,,
Occupational Therapy,Allied,Rehab,OT Outpatient,,,,
Occupational Therapy,Allied,Others,OT Outpatient,,,,
Occupational Therapy,Allied,Rehab,OT Pediatrics,,,,
Occupational Therapy,Allied,Others,OT Pediatrics,,,,
Occupational Therapy,Allied,Rehab,OT SNF,,,,
Occupational Therapy,Allied,Others,OT SNF,,,,
Occupational Therapy,Allied,Rehab,OT Director,,,,
Occupational Therapy,Allied,Others,OT Director,,,,
Physical Therapy,Allied,Rehab,Physical Therapist (PT),,,,
Physical Therapy,Allied,Others,Physical Therapist (PT),,,,
Physical Therapy,Allied,Rehab,Physical Therapist Assistant (PTA),,,,
Physical Therapy,Allied,Others,Physical Therapist Assistant (PTA),,,,
Physical Therapy,Allied,Rehab,PT Acute Care,,,,
Physical Therapy,Allied,Others,PT Acute Care,,,,
Physical Therapy,Allied,Rehab,PT Aide,,,,
Physical Therapy,Allied,Others,PT Aide,,,,
Physical Therapy,Allied,Rehab,PT Behavioral Health,,,,
Physical Therapy,Allied,Others,PT Behavioral Health,,,,
Physical Therapy,Allied,Rehab,PT Home Health,,,,
Physical Therapy,Allied,Others,PT Home Health,,,,
Physical Therapy,Allied,Rehab,PT Inpatient Rehab,,,,
Physical Therapy,Allied,Others,PT Inpatient Rehab,,,,
Physical Therapy,Allied,Rehab,PT LTAC,,,,
Physical Therapy,Allied,Others,PT LTAC,,,,
Physical Therapy,Allied,Rehab,PT Outpatient,,,,
Physical Therapy,Allied,Others,PT Outpatient,,,,
Physical Therapy,Allied,Rehab,PT Pediatrics,,,,
Physical Therapy,Allied,Others,PT Pediatrics,,,,
Physical Therapy,Allied,Rehab,PT SNF,,,,
Physical Therapy,Allied,Others,PT SNF,,,,
Physical Therapy,Allied,Rehab,PTA Acute Care,,,,
Physical Therapy,Allied,Others,PTA Acute Care,,,,
Physical Therapy,Allied,Rehab,PTA Behavioral Health,,,,
Physical Therapy,Allied,Others,PTA Behavioral Health,,,,
Physical Therapy,Allied,Rehab,PTA Home Health,,,,
Physical Therapy,Allied,Others,PTA Home Health,,,,
Physical Therapy,Allied,Rehab,PTA Inpatient Rehab,,,,
Physical Therapy,Allied,Others,PTA Inpatient Rehab,,,,
Physical Therapy,Allied,Rehab,PTA LTAC,,,,
Physical Therapy,Allied,Others,PTA LTAC,,,,
Physical Therapy,Allied,Rehab,PTA Outpatient,,,,
Physical Therapy,Allied,Others,PTA Outpatient,,,,
Physical Therapy,Allied,Rehab,PTA Pediatrics,,,,
Physical Therapy,Allied,Others,PTA Pediatrics,,,,
Physical Therapy,Allied,Rehab,PTA SNF,,,,
Physical Therapy,Allied,Others,PTA SNF,,,,
Physical Therapy,Allied,Rehab,Rehab Aide,,,,
Physical Therapy,Allied,Others,Rehab Aide,,,,
Physical Therapy,Allied,Rehab,PT Director,,,,
Physical Therapy,Allied,Others,PT Director,,,,
Physical Therapy,Allied,Rehab,PT Manager,,,,
Physical Therapy,Allied,Others,PT Manager,,,,
Speech Therapy,Allied,Rehab,SLP Behavioral Health,,,,
Speech Therapy,Allied,Others,SLP Behavioral Health,,,,
Speech Therapy,Allied,Rehab,SLP Home Health,,,,
Speech Therapy,Allied,Others,SLP Home Health,,,,
Speech Therapy,Allied,Rehab,SLP Inpatient Rehab,,,,
Speech Therapy,Allied,Others,SLP Inpatient Rehab,,,,
Speech Therapy,Allied,Rehab,SLP LTAC,,,,
Speech Therapy,Allied,Others,SLP LTAC,,,,
Speech Therapy,Allied,Rehab,SLP Outpatient,,,,
Speech Therapy,Allied,Others,SLP Outpatient,,,,
Speech Therapy,Allied,Rehab,SLP Pediatrics,,,,
Speech Therapy,Allied,Others,SLP Pediatrics,,,,
Speech Therapy,Allied,Rehab,SLP SNF,,,,
Speech Therapy,Allied,Others,SLP SNF,,,,
Speech Therapy,Allied,Rehab,SLPA Behavioral Health,,,,
Speech Therapy,Allied,Others,SLPA Behavioral Health,,,,
Speech Therapy,Allied,Rehab,SLPA Inpatient Rehab,,,,
Speech Therapy,Allied,Others,SLPA Inpatient Rehab,,,,
Speech Therapy,Allied,Rehab,SLPA LTAC,,,,
Speech Therapy,Allied,Others,SLPA LTAC,,,,
Speech Therapy,Allied,Rehab,SLPA Outpatient,,,,
Speech Therapy,Allied,Others,SLPA Outpatient,,,,
Speech Therapy,Allied,Rehab,SLPA SNF,,,,
Speech Therapy,Allied,Others,SLPA SNF,,,,
Speech Therapy,Allied,Rehab,Speech Language Pathologist (SLP),,,,
Speech Therapy,Allied,Others,Speech Language Pathologist (SLP),,,,
Speech Therapy,Allied,Rehab,Speech Language Pathologist Assistant (SLPA),,,,
Speech Therapy,Allied,Others,Speech Language Pathologist Assistant (SLPA),,,,
CNA,Nursing,,Acute Care,,,,
CNA,Nursing,,Geriatrics,,,,
CNA,Nursing,,Long Term Acute Care (LTAC),,,,
CNA,Nursing,,Long Term Care (LTC),,,,
CNA,Nursing,,Pediatrics,,,,
CNA,Nursing,,Rehab,,,,
CNA,Nursing,,Sitter,,,,
CNA,Nursing,,Hospice,,,,
CNA,Nursing,,PSYCH,,,,
CNA,Nursing,,urgent care,,,,
LPN/LVN,Nursing,,Acute Care,,,,
LPN/LVN,Nursing,,Acute Rehab,,,,
LPN/LVN,Nursing,,Ambulatory,,,,
LPN/LVN,Nursing,,Case Manager,,,,
LPN/LVN,Nursing,,Corrections,,,,
LPN/LVN,Nursing,,Dialysis,,,,
LPN/LVN,Nursing,,Emergency Room,,,,
LPN/LVN,Nursing,,Endocrinology,,,,
LPN/LVN,Nursing,,Executive Health/Internal Medicine,,,,
LPN/LVN,Nursing,,GI/Endoscopy,,,,
LPN/LVN,Nursing,,Home Health,,,,
LPN/LVN,Nursing,,Hospice,,,,
LPN/LVN,Nursing,,Long Term Acute Care (LTAC),,,,
LPN/LVN,Nursing,,Long Term Care,,,,
LPN/LVN,Nursing,,MedSurg,,,,
LPN/LVN,Nursing,,MedSurg / Tele,,,,
LPN/LVN,Nursing,,Occupational Health,,,,
LPN/LVN,Nursing,,Oncology,,,,
LPN/LVN,Nursing,,Operating Room,,,,
LPN/LVN,Nursing,,Outpatient Clinic,,,,
LPN/LVN,Nursing,,Patient Care Coordinator,,,,
LPN/LVN,Nursing,,Pediatrics,,,,
LPN/LVN,Nursing,,Psych,,,,
LPN/LVN,Nursing,,Public Health,,,,
LPN/LVN,Nursing,,Reconstructive Surgery,,,,
LPN/LVN,Nursing,,Rehab,,,,
LPN/LVN,Nursing,,School,,,,
LPN/LVN,Nursing,,SNF,,,,
LPN/LVN,Nursing,,Sub Acute,,,,
LPN/LVN,Nursing,,Urgent Care,,,,
LPN/LVN,Nursing,,Urology,,,,
LPN/LVN,Nursing,,Utilization Review,,,,
LPN/LVN,Nursing,,Vaccinator,,,,
LPN/LVN,Nursing,,Vascular Surgery,,,,
LPN/LVN,Nursing,,OB/GYN,,,,
LPN/LVN,Nursing,,Outpatient,,,,
LPN/LVN,Nursing,,Cardiology,,,,
LPN/LVN,Nursing,,Infusion,,,,
LPN/LVN,Nursing,,StepDown,,,,
RN,Nursing,,Clinical Nurse Specialist,,,,
RN,Nursing,,Registered Nurse First Assist (RNFA),,,,
RN,Nursing,,Ambulatory,,,,
RN,Nursing,,Behavioral Health,,,,
RN,Nursing,,Cardiac PCU/IMC/Stepdown,,,,
RN,Nursing,,Case Manager,,,,
RN,Nursing,,Cath Lab,,,,
RN,Nursing,,Clinical Research,,,,
RN,Nursing,,Corrections,,,,
RN,Nursing,,COVID,,,,
RN,Nursing,,CVICU,,,,
RN,Nursing,,CVOR,,,,
RN,Nursing,,Dialysis,,,,
RN,Nursing,,Educator,,,,
RN,Nursing,,Electrophysiology (EP) Lab,,,,
RN,Nursing,,ER,,,,
RN,Nursing,,Float Pool,,,,
RN,Nursing,,GI / Endoscopy,,,,
RN,Nursing,,Home Health,,,,
RN,Nursing,,Hospice,,,,
RN,Nursing,,House Supervisor,,,,
RN,Nursing,,ICU,,,,
RN,Nursing,,Infection Control,,,,
RN,Nursing,,Infusion,,,,
RN,Nursing,,Interventional Radiology,,,,
RN,Nursing,,IV Therapy,,,,
RN,Nursing,,L&D,,,,
RN,Nursing,,Long Term Acute Care (LTAC),,,,
RN,Nursing,,Long Term Care (LTC),,,,
RN,Nursing,,Manager,,,,
RN,Nursing,,MedSurg,,,,
RN,Nursing,,MedSurg / Tele,,,,
RN,Nursing,,Mother Baby,,,,
RN,Nursing,,Neuro ICU,,,,
RN,Nursing,,Neuro PCU/IMC/Stepdown,,,,
RN,Nursing,,NICU,,,,
RN,Nursing,,Nursery,,,,
RN,Nursing,,OB,,,,
RN,Nursing,,Observation Unit,,,,
RN,Nursing,,Oncology,,,,
RN,Nursing,,Operating Room,,,,
RN,Nursing,,Ortho,,,,
RN,Nursing,,Outpatient Clinic,,,,
RN,Nursing,,PACU,,,,
RN,Nursing,,Pain Management,,,,
RN,Nursing,,Palliative Care,,,,
RN,Nursing,,PCU/IMC/Stepdown,,,,
RN,Nursing,,Pediatric ER,,,,
RN,Nursing,,Pediatric Wound Care,,,,
RN,Nursing,,Pediatrics,,,,
RN,Nursing,,PICC,,,,
RN,Nursing,,PICU,,,,
RN,Nursing,,Post-Partum,,,,
RN,Nursing,,Pre-Op/Post-Op/Same Day Surgery,,,,
RN,Nursing,,Psych,,,,
RN,Nursing,,Rehab,,,,
RN,Nursing,,School,,,,
RN,Nursing,,SNF,,,,
RN,Nursing,,Telemetry,,,,
RN,Nursing,,Transplant,,,,
RN,Nursing,,Triage,,,,
RN,Nursing,,Urgent Care,,,,
RN,Nursing,,Urology,,,,
RN,Nursing,,Utilization Review,,,,
RN,Nursing,,Vaccination,,,,
RN,Nursing,,Wound Care,,,,
RN,Nursing,,Bone Marrow Transplant,,,,
RN,Nursing,,Lactation Consultant Coordinator,,,,
RN,Nursing,,Psych ER,,,,
RN,Nursing,,MDS Coordinator,,,,
RN,Nursing,,Manager - Surgical Services,,,,
RN,Nursing,,Director - OR,,,,
RN,Nursing,,Director - Case Management,,,,
RN,Nursing,,Manager - Emergency Room,,,,
RN,Nursing,,Director - Women's Services,,,,
RN,Nursing,,Manager - Med Surg/Tele,,,,
RN,Nursing,,Director of Nursing,,,,
RN,Nursing,,Addiction Recovery,,,,
RN,Nursing,,ACUTE CARE,,,,
RN,Nursing,,Employee Health,,,,
RN,Nursing,,Manager - Hospice,,,,
RN,Nursing,,Manager - Labor & Delivery,,,,
RN,Nursing,,Supervisor,,,,
RN,Nursing,,CVPICU,,,,
RN,Nursing,,Director - Labor and Delivery,,,,
RN,Nursing,,Clinical Nurse Coordinator,,,,
RN,Nursing,,Nurse Navigator,,,,
RN,Nursing,,Special Procedures,,,,
RN,Nursing,,Director - Clinical Operations,,,,
RN,Nursing,,Antepartum,,,,
RN,Nursing,,Director Surgical Services,,,,
RN,Nursing,,Unknown,,,,
RN,Nursing,,Ambulance Transport,,,,
RN,Nursing,,Radiology,,,,
RN,Nursing,,OR-Circulate,,,,
RN,Nursing,,OR-Scrub,,,,
RN,Nursing,,OR-Scrub and Circulate,,,,
RN,Nursing,,Stroke Coordinator,,,,
RN,Nursing,,Manager - Oncology,,,,
RN,Nursing,,Unit Manager,,,,
RN,Nursing,,Burn ICU,,,,
RN,Nursing,,SICU,,,,
RN,Nursing,,TICU,,,,
RN,Nursing,,MICU,,,,
RN,Nursing,,Clinical Team Leader,,,,
RN,Nursing,,PEDS OR,,,,
RN,Nursing,,Assistant Director of Nursing,,,,
RN,Nursing,,ADON/DON,,,,
RN,Nursing,,Director-Emergency Services,,,,
RN,Nursing,,Quality Assurance,,,,
RN,Nursing,,Renal,,,,
RN,Nursing,,PEDS PACU,,,,
RN,Nursing,,Charge,,,,
RN,Nursing,,Director - Inpatient Services,,,,
Physician,Physician,,Academic/Faculty/Research,,,,
Physician,Physician,,Acupuncture,,,,
Physician,Physician,,Addiction Medicine,,,,
Physician,Physician,,Administrative/CEO,,,,
Physician,Physician,,Aerospace Medicine,,,,
Physician,Physician,,Allergy/Immunology,,,,
Physician,Physician,,Anesthesiology,,,,
Physician,Physician,,Anesthesiology-Cardiac,,,,
Physician,Physician,,Anesthesiology-Pain Management,,,,
Physician,Physician,,Anesthesiology-Pediatrics,,,,
Physician,Physician,,Bariatric Medicine,,,,
Physician,Physician,,Cardiology,,,,
Physician,Physician,,Cardiology-Electrophysiology,,,,
Physician,Physician,,Cardiology-Heart Failure and Transplant,,,,
Physician,Physician,,Cardiology-Interventional,,,,
Physician,Physician,,Cardiology-Invasive,,,,
Physician,Physician,,Cardiology-Noninterventional,,,,
Physician,Physician,,Cardiology-Noninvasive,,,,
Physician,Physician,,Correctional Medicine,,,,
Physician,Physician,,Critical Care/Trauma,,,,
Physician,Physician,,Dermatology,,,,
Physician,Physician,,Dermatology-Procedural,,,,
Physician,Physician,,Dermatopathology,,,,
Physician,Physician,,Emergency Medicine,,,,
Physician,Physician,,Emergency Med-Medical Toxicology,,,,
Physician,Physician,,Emergency Med-Sports Medicine,,,,
Physician,Physician,,Emergency Med-Undersea and Hyperbaric,,,,
Physician,Physician,,Endocrinology,,,,
Physician,Physician,,Epidemiology,,,,
Physician,Physician,,Family Practice,,,,
Physician,Physician,,Family Practice-Geriatrics,,,,
Physician,Physician,,Family Practice-Sports Medicine,,,,
Physician,Physician,,Family Practice-With OB,,,,
Physician,Physician,,Family Practice-Without OB,,,,
Physician,Physician,,Gastroenterology,,,,
Physician,Physician,,Genetics,,,,
Physician,Physician,,Gynecology,,,,
Physician,Physician,,Gynecology-Oncology,,,,
Physician,Physician,,Hematology,,,,
Physician,Physician,,Hematology/Oncology,,,,
Physician,Physician,,Hepatology,,,,
Physician,Physician,,Hospice/Palliative Medicine,,,,
Physician,Physician,,Hospitalist,,,,
Physician,Physician,,Hyperbaric,,,,
Physician,Physician,,Infectious Disease,,,,
Physician,Physician,,Informatics,,,,
Physician,Physician,,Integrative Medicine,,,,
Physician,Physician,,Internal Medicine,,,,
Physician,Physician,,Internal Medicine-Critical Care,,,,
Physician,Physician,,Internal Medicine-Geriatrics,,,,
Physician,Physician,,Internal Medicine-Pediatrics,,,,
Physician,Physician,,Mammography,,,,
Physician,Physician,,Maternal-Fetal Medicine,,,,
Physician,Physician,,Medical Director,,,,
Physician,Physician,,Medical Toxicology,,,,
Physician,Physician,,Naturopathic,,,,
Physician,Physician,,Neonatal-Perinatal Medicine,,,,
Physician,Physician,,Neonatology,,,,
Physician,Physician,,Nephrology,,,,
Physician,Physician,,Neurocritical Care,,,,
Physician,Physician,,Neurodevelopmental Disabilities,,,,
Physician,Physician,,Neurology,,,,
Physician,Physician,,Neurology-Pain Medicine,,,,
Physician,Physician,,Neurology-Pediatric,,,,
Physician,Physician,,Neurology-Stroke,,,,
Physician,Physician,,Neurology-Vascular,,,,
Physician,Physician,,Neuromusculoskeletal Medicine,,,,
Physician,Physician,,Neurophysiology,,,,
Physician,Physician,,Neuropsychiatrist,,,,
Physician,Physician,,Nocturnist,,,,
Physician,Physician,,Nuclear Medicine,,,,
Physician,Physician,,Obstetrics,,,,
Physician,Physician,,Obstetrics & Gynecology,,,,
Physician,Physician,,Occupational Medicine,,,,
Physician,Physician,,Oncology-Medical Oncology,,,,
Physician,Physician,,Oncology-Radiation,,,,
Physician,Physician,,Ophthalmology,,,,
Physician,Physician,,Oral and Maxillofacial Surgery,,,,
Physician,Physician,,Orthopedics,,,,
Physician,Physician,,Orthopedics-Adult Reconstructive,,,,
Physician,Physician,,Orthopedics-Ankle and Foot,,,,
Physician,Physician,,Orthopedics-Hand Surgery,,,,
Physician,Physician,,Orthopedics-Musculoskeletal Oncology,,,,
Physician,Physician,,Orthopedics-Pediatric,,,,
Physician,Physician,,Orthopedics-Shoulder & Elbow,,,,
Physician,Physician,,Orthopedics-Spine,,,,
Physician,Physician,,Orthopedics-Sports Medicine,,,,
Physician,Physician,,Orthopedics-Trauma,,,,
Physician,Physician,,Osteopathic Manipulative Medicine,,,,
Physician,Physician,,Other,,,,
Physician,Physician,,Otolaryngology,,,,
Physician,Physician,,Otolaryngology-Neurotology,,,,
Physician,Physician,,Otolaryngology-Pediatric,,,,
Physician,Physician,,Pain Management,,,,
Physician,Physician,,Pathology,,,,
Physician,Physician,,Pathology-Blood Banking/Transfusion,,,,
Physician,Physician,,Pathology-Chemical,,,,
Physician,Physician,,Pathology-Cytopathology,,,,
Physician,Physician,,Pathology-Forensic,,,,
Physician,Physician,,Pathology-Hematology,,,,
Physician,Physician,,Pathology-Medical Microbiology,,,,
Physician,Physician,,Pathology-Molecular Genetic,,,,
Physician,Physician,,Pathology-Neuropathology,,,,
Physician,Physician,,Pathology-Pediatric,,,,
Physician,Physician,,Pathology-Selective,,,,
Physician,Physician,,Pediatric Hospitalist,,,,
Physician,Physician,,Pediatric-Adolescent Medicine,,,,
Physician,Physician,,Pediatric-Allergy/Immunology,,,,
Physician,Physician,,Pediatric-Cardiology,,,,
Physician,Physician,,Pediatric-Critical Care Medicine,,,,
Physician,Physician,,Pediatric-Dermatology,,,,
Physician,Physician,,Pediatric-Developmental/Behavioral,,,,
Physician,Physician,,Pediatric-Emergency Medicine,,,,
Physician,Physician,,Pediatric-Endocrinology,,,,
Physician,Physician,,Pediatric-Gastroenterology,,,,
Physician,Physician,,Pediatric-Hematology/Oncology,,,,
Physician,Physician,,Pediatric-Infectious Disease,,,,
Physician,Physician,,Pediatric-Intensivist,,,,
Physician,Physician,,Pediatric-Nephrology,,,,
Physician,Physician,,Pediatric-Ophthalmology,,,,
Physician,Physician,,Pediatric-Orthosurgery,,,,
Physician,Physician,,Pediatric-Pulmonology,,,,
Physician,Physician,,Pediatric-Radiology,,,,
Physician,Physician,,Pediatric-Rehabilitation,,,,
Physician,Physician,,Pediatric-Rheumatology,,,,
Physician,Physician,,Pediatrics,,,,
Physician,Physician,,Pediatric-Sports Medicine,,,,
Physician,Physician,,Pediatric-Surgery,,,,
Physician,Physician,,Pediatric-Urgent Care,,,,
Physician,Physician,,Pediatric-Urology,,,,
Physician,Physician,,Physiatry/Physical Medicine & Rehabilitation,,,,
Physician,Physician,,Plastics-Craniofacial Surgery,,,,
Physician,Physician,,Plastics-Hand Surgery,,,,
Physician,Physician,,Podiatric Medicine,,,,
Physician,Physician,,Preventive Medicine,,,,
Physician,Physician,,Proctology,,,,
Physician,Physician,,Psychiatric-Mental Health,,,,
Physician,Physician,,Psychiatry,,,,
Physician,Physician,,Psychiatry-Addiction,,,,
Physician,Physician,,Psychiatry-Child/Adolescent,,,,
Physician,Physician,,Psychiatry-Forensic,,,,
Physician,Physician,,Psychiatry-Geriatrics,,,,
Physician,Physician,,Public/Community Health,,,,
Physician,Physician,,Pulmonology,,,,
Physician,Physician,,Pulmonology-Critical Care,,,,
Physician,Physician,,Radiology,,,,
Physician,Physician,,Radiology-Abdominal,,,,
Physician,Physician,,Radiology-Breast,,,,
Physician,Physician,,Radiology-Cardiothoracic,,,,
Physician,Physician,,Radiology-Endovascular Surgical Neuro,,,,
Physician,Physician,,Radiology-Imaging,,,,
Physician,Physician,,Radiology-Interventional,,,,
Physician,Physician,,Radiology-Interventional Pediatric,,,,
Physician,Physician,,Radiology-Musculoskeletal,,,,
Physician,Physician,,Radiology-Neuroradiology,,,,
Physician,Physician,,Radiology-Nuclear,,,,
Physician,Physician,,Radiology-Teleradiology,,,,
Physician,Physician,,Radiology-Vascular & Interventional,,,,
Physician,Physician,,Reproductive Endocrinology/Infertility,,,,
Physician,Physician,,Residency Director,,,,
Physician,Physician,,Rheumatology,,,,
Physician,Physician,,Sleep Medicine,,,,
Physician,Physician,,Surgery-Bariatric,,,,
Physician,Physician,,Surgery-Breast,,,,
Physician,Physician,,Surgery-Cardiothoracic,,,,
Physician,Physician,,Surgery-Cardiovascular,,,,
Physician,Physician,,Surgery-Colon/Rectal,,,,
Physician,Physician,,Surgery-Critical Care,,,,
Physician,Physician,,Surgery-General,,,,
Physician,Physician,,Surgery-Neurosurgery,,,,
Physician,Physician,,Surgery-Neurovascular,,,,
Physician,Physician,,Surgery-Neuroendovascular,,,,
Physician,Physician,,Surgery-Oncology,,,,
Physician,Physician,,Surgery-Otorhinolaryngology,,,,
Physician,Physician,,Surgery-Plastic,,,,
Physician,Physician,,Surgery-Podiatric Medicine,,,,
Physician,Physician,,Surgery-Retinal,,,,
Physician,Physician,,Surgery-Thoracic,,,,
Physician,Physician,,Surgery-Transplant,,,,
Physician,Physician,,Surgery-Trauma,,,,
Physician,Physician,,Surgery-Vascular,,,,
Physician,Physician,,Surgicalist,,,,
Physician,Physician,,Telemedicine,,,,
Physician,Physician,,Urgent Care,,,,
Physician,Physician,,Urogynecology,,,,
Physician,Physician,,Urology,,,,
Physician,Physician,,Venous Disease Specialist,,,,
Physician,Physician,,"Wound, Burn and Ostomy",,,,
Physician,Physician,,Medical Physicist,,,,
Physician,Physician,,Neurology - hospitalist,,,,
Physician,Physician,,Hospitalist - OB,,,,
Physician,Physician,,Hospitalist - EM,,,,
Physician,Physician,,Hospitalist - Family Medicine,,,,
Physician,Physician,,Hospitalist - Internal Medicine,,,,
Physician,Physician,,Orthopedics - Total Joint,,,,
Physician,Physician,,Critical Care - Pediatric,,,,
Physician,Physician,,Neurology - Interventional,,,,
Physician,Physician,,Surgery-Orthopedic,,,,
Physician,Physician,,Surgery-Orthopedic Trauma,,,,
Physician,Physician,,Surgery-Orthopedic Sports Medicine,,,,
Physician,Physician,,Surgery-Orthopedic Spine,,,,
Physician,Physician,,Surgery-Orthopedic Total Joints,,,,
Physician,Physician,,Surgery-Orthopedic Hand surgery,,,,
Physician,Physician,,Director of Neonatology,,,,
Dentistry,Advanced Practice,,Orthodontist,,,,
Dentistry,Advanced Practice,,Dentist,,,,
Dentistry,Advanced Practice,,Oral Surgeon,,,,
Dentistry,Advanced Practice,,maxillofacial surgeon,,,,
Dentistry,Advanced Practice,,Endodontics,,,,
Dentistry,Advanced Practice,,Peridontic,,,,
Athletic Trainer,Allied,Rehab,Athletic Trainer,,,,
Athletic Trainer,Allied,Others,Athletic Trainer,,,,
Recreational Therapist,Allied,Rehab,Recreational Therapist,,,,
Recreational Therapist,Allied,Others,Recreational Therapist,,,,
Medical Director,Physician,,Maternal Fetal,,,,
Dental services,Allied,Others,Dental Hygienist,,,,
Dental services,Allied,Others,Dental Assistant,,,,
Orthopedic Tech,Allied,Others,Certified Ortho Tech,,,,
Unknown,Nursing,,Unknown,,,,
Non-Healthcare,Non-Clinical,,Non-Healthcare,,,,
Rehabilitation Therapy,Allied,Others,Director of Rehab,,,,
Rehabilitation Therapy,Allied,Others,Rehab Counselor,,,,
Life skills Trainer,Non-Clinical,,Trainer,,,,